<?xml version="1.0" encoding="UTF-8"?>
<project-private xmlns="http://www.netbeans.org/ns/project-private/1">
    <editor-bookmarks xmlns="http://www.netbeans.org/ns/editor-bookmarks/2" lastBookmarkId="0"/>
    <open-files xmlns="http://www.netbeans.org/ns/projectui-open-files/2">
        <group>
            <file>file:/D:/My%20Documents/NetBeansProjects/CustomerServiceClientWebApp/src/java/za/ac/tut/jaxrs/client/NewJerseyClient.java</file>
            <file>file:/D:/My%20Documents/NetBeansProjects/CustomerServiceClientWebApp/web/jsp/add_customer.jsp</file>
            <file>file:/D:/My%20Documents/NetBeansProjects/CustomerServiceClientWebApp/web/jsp/add_customer_outcome.jsp</file>
            <file>file:/D:/My%20Documents/NetBeansProjects/CustomerServiceClientWebApp/web/index.html</file>
            <file>file:/D:/My%20Documents/NetBeansProjects/CustomerServiceClientWebApp/src/java/za/ac/tut/web/AddClientServlet.java</file>
        </group>
    </open-files>
</project-private>
