<?xml version="1.0" encoding="UTF-8"?>
<project-private xmlns="http://www.netbeans.org/ns/project-private/1">
    <editor-bookmarks xmlns="http://www.netbeans.org/ns/editor-bookmarks/2" lastBookmarkId="0"/>
    <open-files xmlns="http://www.netbeans.org/ns/projectui-open-files/2">
        <group>
            <file>file:/D:/My%20Documents/NetBeansProjects/CustomerWebServiceApp/src/java/za/ac/tut/jaxrs/CustomerFacadeREST.java</file>
            <file>file:/D:/My%20Documents/NetBeansProjects/CustomerWebServiceApp/src/conf/persistence.xml</file>
            <file>file:/D:/My%20Documents/NetBeansProjects/CustomerWebServiceApp/src/java/za/ac/tut/jaxrs/ApplicationConfig.java</file>
            <file>file:/D:/My%20Documents/NetBeansProjects/CustomerWebServiceApp/web/index.html</file>
            <file>file:/D:/My%20Documents/NetBeansProjects/CustomerWebServiceApp/src/java/za/ac/tut/entities/Customer.java</file>
        </group>
    </open-files>
</project-private>
